/*
Navicat MySQL Data Transfer

Source Server         : MySql
Source Server Version : 50624
Source Host           : 127.0.0.1:3306
Source Database       : dwms

Target Server Type    : MYSQL
Target Server Version : 50624
File Encoding         : 65001

Date: 2017-06-14 14:51:31
*/

SET FOREIGN_KEY_CHECKS=0;

-- ----------------------------
-- Table structure for dwms_drug
-- ----------------------------
DROP TABLE IF EXISTS `dwms_drug`;
CREATE TABLE `dwms_drug` (
  `id` int(11) NOT NULL AUTO_INCREMENT,
  `name` varchar(20) NOT NULL,
  `batch` varchar(20) NOT NULL,
  `size` varchar(20) NOT NULL,
  `bigclass` varchar(20) NOT NULL,
  `smallclass` varchar(20) NOT NULL,
  `price` double(20,2) NOT NULL,
  `supplier` varchar(20) NOT NULL,
  `functions` varchar(1000) NOT NULL,
  `taboo` varchar(1000) NOT NULL,
  `location` varchar(50) NOT NULL,
  `reaction` varchar(1000) NOT NULL,
  `note` varchar(1000) DEFAULT NULL,
  PRIMARY KEY (`id`)
) ENGINE=InnoDB AUTO_INCREMENT=10032 DEFAULT CHARSET=utf8;

-- ----------------------------
-- Records of dwms_drug
-- ----------------------------
INSERT INTO `dwms_drug` VALUES ('10001', '阿莫西林胶囊', '20170422', '0.25g*50粒/盒', '处方药', '抗生素', '16.25', '广州白云山制药股份有限公司', '1.溶血链球菌、肺炎链球菌、葡萄球菌或流感嗜血杆菌所致中耳炎、鼻窦炎、咽炎、扁桃体炎等上呼吸道感染。2.大肠埃希菌、奇异变形杆菌或粪肠球菌所致的泌尿生殖道感染。3.溶血链球菌、葡萄球菌或大肠埃希菌所致的皮肤软组织感染。4.溶血链球菌、肺炎链球菌、葡萄球菌或流感嗜血杆菌所致急性支气管炎、肺炎等下呼吸道感染。5.急性单纯性淋病。6.本品尚可用于治疗伤寒、伤寒带菌者及钩端螺旋体病；阿莫西林亦可与克拉霉素、兰索拉唑三联用药根除胃、十二指肠幽门螺杆菌，降低消化道溃疡复发率。', '青霉素过敏及青霉素皮肤试验阳性患者禁用。', 'A区1架', '1.恶心、呕吐、腹泻及假膜性肠炎等胃肠道反应。\r\n　　2.皮疹、药物热和哮喘等过敏反应。\r\n　　3.贫血、血小板减少、嗜酸性粒细胞增多等。\r\n　　4.血清氨基转移酶可轻度增高。\r\n　　5.由念珠菌或耐药菌引起的二重感染。\r\n　　6.偶见兴奋、焦虑、失眠、头晕以及行为异常等中枢神经系统症状。', '1. 青霉素类口服药可引起过敏性休克，有多见于青霉素或头孢菌素过敏史的患者。用药前必须详细询问药物过敏史并做青霉素皮肤试验。如发生过敏性休克，应就地抢救，予以保持气道畅通、吸氧及应用肾上腺素、糖皮质激素等治疗措施。2.传染性单核细胞增多症患者应用本品易发生皮疹，应避免使用。3.疗程较长患者应检查肝、肾功能和血常规。4.阿莫西林可导致采用Benedict或Fehling试剂的尿糖试验出现假阳性。5.下列情况应慎用：(1)有哮喘、枯草热等过敏性疾病史者。(2)老年人和肾功能严重损害时可能须调整剂量。');
INSERT INTO `dwms_drug` VALUES ('10002', '氟康唑胶囊', '20170417', '0.15g*1粒/盒', '处方药', '抗真菌', '43.00', '广州白云山制药股份有限公司', '1.念珠菌病： 用于治疗口咽部和食管念珠菌感染；播散性念珠菌病，包括腹膜炎、肺炎、尿路感染等；念珠菌外阴阴道炎。尚可用于骨髓移植患者接受细胞毒类药物或放射治疗时，预防念珠菌感染的发生。2.隐球菌病： 用于治疗脑膜炎以外的新型隐球菌病；治疗隐球菌脑膜炎时，本品可作为两性霉素B联合氟胞嘧啶初治后的维持治疗药物。3.球孢子菌病。4.用于接受化疗、放疗和免疫抑制治疗患者预防念珠菌感染的治疗。5.本品亦可替代伊曲康唑用于芽生菌病和组织胞浆菌病的治疗。', '对本品或其他吡咯类药物有过敏史者禁用。\r\n对本品或其他吡咯类药物有过敏史者禁用。\r\n', 'B区1架', '1．常见消化道反应，表现为恶心、呕吐、腹痛或腹泻等。2．过敏反应：可表现为皮疹，偶可发生严重的剥脱性皮炎(常伴随肝功能损害)、渗出性多形红斑。3．肝毒性：治疗过程中可发生轻度一过性血清氨基转移酶升高，偶可出现肝毒性症状，尤其易发生于有严重基础疾病(如艾滋病和癌症)的患者。4．可见头晕、头痛。5．某些患者，尤其有严重基础疾病(如艾滋病和癌症)的患者，可能出现肾功能异常。6．偶可发生周围血象一过性中性粒细胞减少和血小板减少等血液学检查指标改变，尤其易发生于有严重基础疾病(如艾滋病和癌症)的患者。\r\n', '1．由于本品主要自肾排出，因此治疗中需定期检查肾功能。用于肾功能减退患者需减量应用。　2．本品目前在免疫缺陷者中的长期预防用药，已导致念珠菌属等对氟康唑等咪唑类抗真菌药耐药性的增加，故需掌握指征，避免无指征预防用药。3．治疗过程中可发生轻度一过性血清氨基转移酶升高，偶可出现肝毒性症状。因此用本品治疗开始前和治疗中均应定期检查肝功能，如肝功能出现持续异常，或肝毒性临床症状时均需立即停用本品。');
INSERT INTO `dwms_drug` VALUES ('10003', '利福平胶囊', '20170418', '0.15g*100粒*1瓶/盒', '处方药', '抗结核类', '28.00', '北京同仁堂股份有限公司制药厂', '1.本品与其他抗结核药联合用于各种结核病的初治与复治，包括结核性脑膜炎的治疗。2.本品与其他药物联合用于麻风、非结核分枝杆菌感染的治疗。3.本品与万古霉素 (静脉) 可联合用于甲氧西林耐药葡萄球菌所致的严重感染。利福平与红霉素联合方案用于军团菌属严重感染。4.用于无症状脑膜炎奈瑟菌带菌者，以消除鼻咽部脑膜炎奈瑟菌；但不适用于脑膜炎奈瑟菌感染的治疗。', '1.对本品或利福霉素类抗菌药过敏者禁用。2.肝功能严重不全、胆道阻塞者和3个月以内孕妇禁用。\r\n', 'C区1架', '1.消化道反应:最为多见，口服本品后可出现厌食、恶心、呕吐、上腹部不适、腹泻等胃肠道反应，发生率为1.7%～4.0%，但均能耐受。2.肝毒性为本品的主要不良反应，发生率约1%。在疗程最初数周内，少数患者可出现血清氨基转移酶升高、肝肿大和黄疸，大多为无症状的血清氨基转移酶一过性升高，在疗程中可行恢复，老年人、酗酒者、营养不良、原有肝病或其他因素造成肝功能异常者较易发生。', '1.酒精中毒、肝功能损害者慎用。婴儿、3个月以上孕妇和哺乳期妇女慎用。　2.对诊断的干扰：可引起直接抗球蛋白试验 (Coombs试验) 阳性；干扰血清叶酸浓度测定和血清维生素B12浓度测定结果；可使磺溴酞钠试验滞留出现假阳性；可干扰利用分光光度计或颜色改变而进行的各项尿液分析试验的结果；可使血液尿素氮、血清碱性磷酸酶、血清丙氨酸氨基转移酶、门冬氨酸氨基转移酶、血清胆红素及血清尿酸浓度测定结果增高。');
INSERT INTO `dwms_drug` VALUES ('10004', '复方磺胺甲恶唑片', '20170419', '100片*1瓶/盒', '处方药', '磺胺类', '9.00', '北京同仁堂股份有限公司制药厂', '肠炎,心内膜炎,急性支气管炎,慢性支气管炎,淋病,骨髓炎,小儿腹泻,败血症,消化内科,心血管内科,呼吸内科,性病科,神经内科,儿科,传染病科', '⑴对SMZ和TMP过敏者禁用；⑵由于该品阻止叶酸的代谢，加重巨幼红细胞性贫血患者叶酸盐的缺乏，所以该病患者禁用该品。⑶孕妇及哺乳期妇女禁用该品。⑶孕妇及哺乳期妇女禁用该品。⑶孕妇及哺乳期妇女禁用该品。⑶孕妇及哺乳期妇女禁用该品。⑷小于2个月的婴儿禁用该品。⑷小于2个月的婴儿禁用该品。⑷小于2个月的婴儿禁用该品。⑸重度肝肾功能损害者禁用该品。\r\n', 'D区1架', '（1）过敏反应较为常见，可表现为药疹，严重者可发生渗出性多形红斑、剥脱性皮炎和大疱表皮松解萎缩性皮炎等；也有表现为光敏反应、药物热、关节及肌肉疼痛、发热等血清病样反应。偶见过敏性休克。⑵中性粒细胞减少或缺乏症、血小板减少症及再生障碍性贫血。患者可表现为咽痛、发热、苍白和出血倾向。⑶溶血性贫血及血红蛋白尿。这在缺乏葡萄糖-6-磷酸脱氢酶的患者应用磺胺药后易于发生，在新生儿和小儿中较成人为多见。⑷高胆红素血症和新生儿核黄疸。由于该品与胆红素竞争蛋白结合部位，可致游离胆红素增高。新生儿肝功能不完善，对胆红素处理差，故较易发生高胆红素血症和新生儿黄疸，偶可发生核黄疸。⑸肝脏损害。可发生黄疸、肝功能减退，严重者可发生急性肝坏死。⑹肾脏损害。可发生结晶尿、血尿和管型尿；偶有患者发生间质性肾炎或肾小管坏死的严重不良反应。⑺恶心、呕吐、胃纳减退、腹泻、头痛、乏力等，一般症状轻微。偶有患者发生艰难梭菌肠炎，此时需停药。⑻甲状腺肿大及功能减退偶有发生。⑼中枢神经系统毒性反应偶可发生，表现为精神错乱、定向力障碍、幻觉、欣快感或抑郁感。⑽偶可发生无菌性脑膜炎，有头痛、颈项强直、恶心等表现。该品所致的严重不良反应虽少见，但常累及各器官并可致命，如渗出性多形红斑、剥脱性皮炎、大疱表皮松解萎缩性皮炎、暴发性肝坏死、粒细胞缺乏症、再生障碍性贫血等血液系统异常。艾滋病患者的上述不良反应较非艾滋病患者为多见。', '（l）因不易清除细菌，下列疾病不宜选用该品作治疗或预防用药①中耳炎的预防或长程治疗。②A组溶血性链球菌扁桃体和咽炎。⑵交叉过敏反应。对一种磺胺药呈现过敏的患者对其他磺胺药也可能过敏。⑶肝脏损害。可发生黄疸、肝功能减退，严重者可发生急性肝坏死，故有肝功能损害患者宜避免应用。⑷肾脏损害。可发生结晶尿、血尿和管型尿，故服用该品期间应多饮水，保持高尿流量，如应用该品疗程长、剂量大时，除多饮水外，宜同服碳酸氢钠，以防止此不良反应。失水、休克和老年患者应用该品易致肾损害，应慎用或避免应用该品。肾功能减退患者不宜应用该品。⑸对呋塞米、砜类、噻嗪类利尿药、磺脲类、碳酸酐酶抑制药呈现过敏的患者，对磺胺药亦可过敏。⑹下列情况应慎用：缺乏葡萄糖-6-磷酸脱氢酶、血卟啉症、叶酸缺乏性血液系统疾病、失水、艾滋病、休克和老年患者。⑺用药期间须注意检查①全血象检查，对疗程长、服用剂量大、老年、营养不良及服用抗癫痫药的患者尤为重要。②治疗中应定期尿液检查（每2～3日查尿常规一次）以发现长疗程或高剂量治疗时可能发生的结晶尿。③肝、肾功能检查。⑻严重感染者应测定血药浓度，对大多数感染疾患者游离磺胺浓度达50～150mg/ml（严重感染120～150mg/ml）可有效。总磺胺血浓度不应超过200mg/ml，如超过此浓度，不良反应发生率增高。⑼不可任意加大剂量、增加用药次数或延长疗程，以防蓄积中毒。⑽由于该品能抑制大肠杆菌的生长，妨碍B族维生素在肠内的合成，故使用该品超过一周以上者，应同时给予维生素B以预防其缺乏。⑾如因服用该品引起叶酸缺乏时，可同时服用叶酸制剂，后者并不干扰TMP的抗菌活性，因细菌并不能利用已合成的叶酸。如有骨髓抑制征象发生，应即停用该品，并给予叶酸3～6mg肌注，一日1次，使用2日或根据需要用药至造血功能恢复正常，对长期、过量使用该品者可给予高剂量叶酸并延长疗程。');
INSERT INTO `dwms_drug` VALUES ('10005', '氧氟沙星滴眼液', '20170416', '10ml*1瓶/盒', '处方药', '奎诺酮类', '15.00', ' 江西闪亮制药有限公司', '对本制剂敏感的葡萄球菌属、链球菌属、肺炎球菌、肠球菌属、细球菌属、莫拉氏菌属、棒状杆菌属、克雷白氏菌属、沙雷氏菌属、变形菌属、摩氏摩根菌、普罗威登斯菌属、流感嗜血杆菌、结膜炎嗜血杆菌（科-威氏杆菌）、假单胞菌属、绿脓杆菌、洋葱假单胞菌、嗜麦芽黄单胞菌、不动杆菌属、丙酸杆菌。适应症状：用于治疗眼睑炎、泪囊炎、睑腺炎、结膜炎、睑板腺炎（含角膜溃疡）以及用于眼科围手术期的无菌化疗法。', '对氧氟沙星及喹喏酮类抗菌制剂有过敏既往史的患者。\r\n对氧氟沙星及喹喏酮类抗菌制剂有过敏既往史的患者。\r\n对氧氟沙星及喹喏酮类抗菌制剂有过敏既往史的患者。\r\n对氧氟沙星及喹喏酮类抗菌制剂有过敏既往史的患者。', 'A区1架', '1.严重不良反应：休克、过敏样症状：有可能引起休克、过敏样症状，应充分进行观察。当发现红斑、皮疹、呼吸困难、血压降低、眼睑浮肿等症状时应停止给药，予以妥善的处置。2.其它不良反应：发现不良反应时应采取停止给药等妥善的处置。', '1.本品不可长期使用。为了防止耐药菌的出现等，原则上应确认敏感性，将用药期限限制在治疗疾病所需的最少时间以内。2.本品仅用于滴眼。3.为了防止污染药液，滴眼时应注意避免容器的前端直接接触眼部。');
INSERT INTO `dwms_drug` VALUES ('10006', '百令胶囊', '20170415', '0.2g*60粒/盒', '处方药', '呼吸系统类', '35.00', '杭州中美华东制药有限公司', '补肺肾，益精气。用于肺肾两虚引起的咳嗽、气喘、咯血、腰背酸痛；慢性支气管炎、慢性肾功能不全的辅助治疗。', '尚不明确。', 'A区2架', '个别患者有咽部不适。', '忌辛辣、生冷、油腻食物。');
INSERT INTO `dwms_drug` VALUES ('10007', '枸橼酸托瑞米芬片', '20170414', '40mg*14片/瓶', '处方药', '肿瘤类', '55.00', '宁波市天衡制药有限公司', '适用于治疗绝经后妇女雌激素受体阳性/或不详的转移性乳腺癌。', '预先患有子宫内膜增生症或严重肝衰竭患者禁止长期服用枸橼酸托瑞米芬。禁用于已知对枸橼酸托瑞米芬及辅料过敏者。', 'B区2架', '常见的不良反应为面部潮红、多汗、子宫出血、白带、疲劳、恶心、皮疹、瘙痒、头晕、及抑　郁。这些不良反应一般都为轻微，主要因为托瑞米芬的激素样作用。', '1.治疗前进行妇科检查，严谨检查是否已预先患有子宫内膜异常。之后最少每一年进行一次妇科检查。附加子宫内膜癌风险患者，例如高血压或糖尿病患者，或肥胖高体重指数（＞30）患者，或有用雌激素替代治疗历史患者应严密监测（参见不良反应）。2.既往有血栓性疾病历史的患者一般不接受枸橼酸托瑞米芬治疗（详见不良反应）。对非代偿性心功能不全及严重心绞痛患者要密切观察。骨转移患者在治疗刚开始时可能出现高钙血症，故对这类患者要观察监测。尚无系统性数据用于不稳定的糖尿病、严重功能状况改变成心衰竭患者。对驾驶及操作机械者能力的影响。');
INSERT INTO `dwms_drug` VALUES ('10008', '海麒舒肝胶囊', '20170413', '0.2g*12粒/盒', '处方药', '肝病类', '47.00', '青岛海大科技制药有限公司', '化痰散结，利水排毒。用于痰浊蕴结所致胁痛，痞块，腹胀，纳少，恶心，乏力等症。也用于慢性乙型肝炎，肿瘤放化疗后有上述表现的辅助治疗。', '尚不明确。', 'C区2架', '尚不明确', '1、本品不宜长期服用；2、建议在医生指导下服药；3、服药期间少事辛辣事物；4、孕妇慎用。');
INSERT INTO `dwms_drug` VALUES ('10009', '同仁大活络丸', '20170412', '3.6g*10粒/盒', '处方药', '风湿骨病类', '90.00', '北京同仁堂股份有限公司制药厂', '祛风，舒筋，活络，除湿。用于风寒湿痹引起的肢体疼痛，手足麻木，筋脉拘挛，中风瘫痪，口眼歪斜，半身不遂，言语不清。', '孕妇忌服。', 'D区2架', '尚不明确。', '1、运动员慎用。2、服用前应除去蜡皮、塑料球壳；同仁大活络丸可嚼服，也可分份吞服。');
INSERT INTO `dwms_drug` VALUES ('10010', '复方芦丁片', '20170411', '20mg*100片/瓶', '处方药', '心脑血管类', '3.00', '上海朝晖药业有限公司', '主要用于脆性增加的毛细血管出血症，也用于高血压脑病、脑出血、视网膜出血、出血性紫癜、急性出血性肾炎、再发性鼻出血、创伤性肺出血、产后出血等的辅助治疗。', '如对本药物过敏者禁用。', 'B区2架', '尚不明确。', '本品在体内几乎不被吸收，故口服其疗效不确切。');
INSERT INTO `dwms_drug` VALUES ('10011', '盐酸二甲双胍肠溶片', '20170415', '0.25g*48片/瓶', '处方药', '糖尿病类', '10.00', '贵州天安药业股份有限公司', '用于单纯饮食控制及体育锻炼治疗无效的2型糖尿病，特别是肥胖的2型糖尿病。', '1.2型糖尿病伴有酮症、酸中毒、肝、肾肾功能不全（血清肌酐超过1.5mg/dl）、肺功能不全、心力衰竭、呼吸功能衰竭、急性心肌梗死、严重感染和外伤、重大手术以及临床有低血压和缺氧情况禁用。2、酗酒者，过度饮酒者、脱水、痢疾、营养不良者，对本品和双胍类药物过敏者禁用。3、糖尿病合并严重的慢性并发症（如糖尿病肾病、糖尿病眼底病变）。4、静脉肾盂造影或动脉造影前。5、严重心、肺病患者。6、维生素B12、叶酸和铁缺乏的患者。7、全身情况较差的患者（如营养不良、脱水）。', 'A区3架', '安多可常见不良反应包括腹泻、恶心、呕吐、胃胀、乏力，消化不良，腹部不适及头痛。其它少见者为大便异常、低血糖、肌痛、头昏、头晕、指甲异常、皮疹、出汗增加、味觉异常、胸部不适、寒战、流感症状、潮热、心悸、体重减轻等。二甲双胍可减少维生素B12吸收，但极少引起贫血。安多可在治疗剂量范围内，引起乳酸性酸中毒罕见。', '1、Ⅰ型糖尿病不应单独使用。2、用药期间定期空腹检查血糖、尿糖、尿酮体，定期测血肌酐、血乳酸浓度。3、既往有乳酸性酸中毒史者慎用。4、进行肾脏造影者应于前3天停用本品。5、与胰岛素合用治疗时，防止出现低血糖反应。6、运动员慎用。');
INSERT INTO `dwms_drug` VALUES ('10012', '妇炎康软胶囊', '20170418', '0.5g*36粒/盒', '处方药', '妇科类', '32.00', '深圳市佳泰药业股份有限公司', '活血化瘀、软坚散结、清热解毒、消炎止痛。妇炎康软胶囊用于慢性附件炎、盆腔炎、阴道炎、膀胱炎、慢性阑尾炎、尿路感染。', '孕妇忌用妇炎康软胶囊。', 'B区3架', '尚不明确。', '尚不明确。');
INSERT INTO `dwms_drug` VALUES ('10013', '脑栓通胶囊', '20170419', '0.4g*18粒/盒', '处方药', '神经类', '26.00', '广东华南药业集团有限公司', '活血通络，祛风化痰．用于风痰瘀血痹阻脉络引起的缺血性中风病中经络急性期和恢复期．症见半身不遂，口舌不歪斜，脉沉细或弦细，弦没．脑梗塞上见述表现者。', '孕妇禁用。', 'C区3架', '少数患者服药后可出现胃脘部嘈杂不适感，便秘等。', '孕妇禁用，产妇慎用。');
INSERT INTO `dwms_drug` VALUES ('10014', '舒肝解郁胶囊', '20170422', '0.36g*28粒/盒', '处方药', '精神类', '61.00', '成都康弘药业集团股份有限公司', '舒肝解郁，健脾安神。适用于轻、中度单相抑郁症属肝郁脾虚证者，症见情绪低落、兴趣下降、迟滞、入睡困难、早醒、多梦、紧张不安、急躁易怒、食少纳呆、胸闷、疲乏无力、多汗、疼痛、舌苔白或腻，脉弦或细。', '尚不明确。', 'D区3架', '偶见恶心呕吐、口干、头痛、头昏或晕厥、失眠、食欲减退或厌食、腹泻、便秘、视力模糊、皮疹、心慌、ALT轻度升高。', '肝功能不全的患者慎用。');
INSERT INTO `dwms_drug` VALUES ('10015', '盐酸伐昔洛韦片', '20170423', '0.36g*6片/盒', '处方药', '皮肤性病类', '46.00', '丽珠集团丽珠制药厂', '用于治疗水痘带状疱疹及Ⅰ型、Ⅱ型单纯疱疹病毒感染，包括初发和复发生殖器疱疹病毒感染。', '对丽珠威及阿昔洛韦过敏者禁用。', 'C区3架', '偶有头晕、头痛、关节痛、恶心、呕吐、腹泻、胃部不适、食欲减退、口渴、白细胞下降、蛋白尿及尿素氮轻度升高、皮肤瘙痒等，长程给药偶见痤疮、失眠、月经紊乱。', '1、对更昔洛韦过敏者也可能对丽珠威过敏；2、脱水或已有肝、肾功能不全者慎用。肾功能不全者在接受丽珠威治疗时，需根据肌酐清除率来校正剂量；3、严重免疫功能缺陷者长期或多次应用丽珠威治疗后可能引起单纯疱疹病毒和带状疱疹病毒对丽珠威耐药。如单纯疱疹患者应用丽珠威后皮损不见改善者应测试单纯疱疹病毒对丽珠威的敏感性；4、随访检查：由于生殖器疱疹患者大多易患子宫颈癌，因此患者至少应一年检查一次，以早期发现；5、一旦疱疹症状与体征出现，应尽早给药；6、服药期间应给予患者充分的水，防止阿昔洛韦在肾小管内沉淀；7、一次血液透析可使阿昔洛韦的血药浓度减低60%，因此血液透析扣应补给一次剂量；8、生殖器复发性疱疹感染以间歇短程疗法给药有效。生殖器复发性疱疹的长程疗法也不应超过6个月；9、丽珠威对单纯疱疹病毒的潜伏感染无明显效果，不能根除病毒。');
INSERT INTO `dwms_drug` VALUES ('10016', '奥美拉唑肠溶胶囊', '20170418', '20mg*14粒/瓶', '处方药', '胃肠类', '46.00', '常州四药制药有限公司', '适用于胃溃疡、十二指肠溃疡，应激性溃疡、反流性食管炎和卓-艾氏综合征（胃泌素瘤）。', '对奥美拉唑过敏者。', 'A区4架', '临床试验表明，最常见的是头痛和胃肠道症状如腹泻、恶心、便秘、发生率均在1～3%。多见-全身：头痛；胃肠道：腹泻、恶心/呕吐、便秘、腹痛及腹胀；较少发生-全身：头晕、嗜睡、乏力；中枢神经系统：睡眠紊乱、感觉异常；皮肤：皮疹、瘙痒、荨麻疹；肝脏：肝功能试验异常。罕见-全身：多汗、周围性浮肿、低钠血症。\r\n过敏反应：血管水肿、发热及过敏性休克；血液学：白细胞减少症、血小板减少症、粒细胞缺乏症、全血细胞减少症；中枢神经系统(尤其是重症患者)：可逆性精神错乱、易激惹、抑郁和幻觉；\r\n内分泌：男性乳房发育；胃肠道：口干、味觉异常、口炎、念珠菌病；皮肤：脱发、光过敏、多形性红斑。\r\n肝脏：肝性脑病(先前有严重肝病者)，黄疸性或非黄疸性肝炎、肝衰竭；呼吸道：支气管痉挛；肌肉骨骼：关节痛、肌痛、肌肉疲劳；泌尿生殖系统：间质性肾炎；眼睛：视力模糊\r\n有报道发现个别病例有史蒂文斯-约翰逊综合征及毒性上皮坏死溶解，但未确定有因果关系。\r\n临床试验提示，奥美拉唑与克拉霉素联合用药可增加中枢神经系统(主要是头痛)及胃肠道不良反应的发生率。', '当疑有消化性溃疡时，应尽早通过X线、内镜检查确诊，以免治疗不当。治疗胃溃疡时，必须排除恶性肿瘤。\r\n对经内镜确诊为食管炎而长期服用奥美拉唑的患者，每天10mg治疗较每天20mg治疗的缓解率低，因此每天服用10mg者应定期进行内镜监测。');
INSERT INTO `dwms_drug` VALUES ('10017', '生精片', '20170417', '0.42g*24片/盒', '处方药', '泌尿生殖类', '70.00', '贵州万胜药业有限责任公司', '补肾益精、滋阴壮阳。生精片用于肾阳不足所致腰膝酸软、头晕耳鸣、神疲乏力、男子无精、少精、弱精、精液不化等症。', '阴虚火旺者禁用。', 'B区4架', '个别患者服药后出现头晕、恶心等。', '在医生指导下服用');
INSERT INTO `dwms_drug` VALUES ('10018', '小柴胡颗粒', '20170419', '10g*10袋/盒', '非处方药', '解热镇痛类', '13.00', '广州白云山制药股份有限公司', '解表散热，疏肝和胃。用于寒热往来，胸肋苦满，心烦喜吐，口苦咽干。', '忌烟、酒及辛辣、生冷、油腻食物。', 'E区4架', '出现新的严重症状如胸闷、心悸等应立即停药，并去医院就诊。', '1、忌烟、酒及辛辣、生冷、油腻食物。\r\n2、不宜在服药期间同时服用滋补性中成药。\r\n3、高血压、心脏病、肝病、肾病等慢性病严重者应在医师指导下服用。\r\n4、服药3天后或服药期间症状无改善，或症状加重，或出现新的严重症状如胸闷、心悸等应立即停药，并去医院就诊。\r\n5、儿童、孕妇、哺乳期妇女、年老体弱者应在医师指导下服用。\r\n6、对本品过敏者禁用，过敏体质者慎用。\r\n7、本品性状发生改变时禁止使用。\r\n8、儿童必须在成人监护下使用。\r\n9、请将本品放在儿童不能接触的地方。\r\n10、如正在使用其他药品，使用本品前请咨询医师或药师。');
INSERT INTO `dwms_drug` VALUES ('10019', '蓝芩口服液', '20170416', '10ml*6支/盒', '非处方药', '清热解毒类', '25.00', '扬子江药业集团有限公司', '清热解毒，利咽消肿。用于急性咽炎、肺胃实热证所致的咽痛、咽干、咽部灼热。', '尚不明确。', 'F区4架', '个别患者服药后出现轻度腹泻，一般可自行缓解。', '1、忌烟酒、辛辣、鱼腥食物；\r\n2、不宜在服药期间同时服用温补性中药；\r\n3、孕妇慎用；\r\n4、糖尿病患者、儿童应在医师指导下服用；\r\n5、脾虚大便溏者慎用；\r\n6、咽痛伴风寒感冒，症见恶寒发热、无汗、鼻流清涕者慎用；\r\n7、服药3天症状无缓解，应去医院就诊；\r\n8、对蓝芩口服液过敏者禁用，过敏体质者慎用；\r\n9、药品性状发生改变时禁止服用；\r\n10、儿童必须在成人的监护下使用；\r\n11、请将此药品放在儿童不能接触的地方；\r\n12、如正在服用其他药品，使用蓝芩口服液前请咨询医师或药师。');
INSERT INTO `dwms_drug` VALUES ('10020', '京都念慈菴蜜炼川贝枇杷膏', '20170416', '150ml/瓶', '非处方药', '止咳平喘类', '29.00', '京都念慈菴总厂有限公司', '润肺化痰、止咳平喘、护喉利咽、生津补气、调心降火。本品适用于伤风咳嗽、痰稠、痰多气喘、咽喉干痒及声音嘶哑。', '糖尿病患者忌用。', 'G区4架', '尚不明确。', '1、忌烟、酒及辛辣、生冷、油腻食物。\r\n2、患有肝病、肾病等慢性病严重者应在医生指导下服用。\r\n3、服用1周病情无改善，或服药期间症状加重者，应停止服用，去医院就诊。\r\n4、对本品过敏者禁用，过敏体质者慎用。\r\n5、药品性状发生改变时禁止服用。\r\n6、儿童必须在成人监护下使用。\r\n7、请将本药放在儿童触摸不到的地方。\r\n8、如正在服用其他药品，使用本品前请咨询医师或药师');
INSERT INTO `dwms_drug` VALUES ('10021', '多潘立酮片', '20170416', '10mg*30片/盒', '非处方药', '胃肠类', '15.00', '西安杨森制药有限公司', '1、由胃排空延缓、胃食管反流、食道炎引起的消化不良症状；上腹胀闷感、腹胀、腹疼痛；嗳气、胃肠胀气；恶心、呕吐；由于反流引起的口腔和胃烧灼感。\r\n2、各种原因引起的恶心、呕吐，如功能性、器质性、感染性、饮食性、放射性治疗或化疗、用多巴胺受体激动剂(如左旋多巴、溴隐亭等)治疗帕金森氏症所引起的恶心、呕吐。', '1、对本品过敏者禁用。\r\n2、增加胃动力有可能产生危险时禁用，如胃肠道出血、机械性梗阻、胃肠道穿孔。\r\n3、分泌催乳素的垂体肿瘤(催乳素瘤)、嗜铬细胞瘤、乳腺癌患者禁用。', 'H区5架', '临床试验表明本品的不良反应发生率小于7%。大多数不良反应在本品使用过程中消失或被患者耐受。一些较严重的不良反应，如溢乳、男子乳房女性化、女性月经不调均与使用剂量有关，减少剂量或停止用药即可消失。\r\n中枢神经系统：不良反应发生率为4.6%，包括口干(1.9%)，头痛或偏头痛(1.2%)，失眠、神经过敏、头晕、饥渴感、嗜睡、易努(发生率均小于1%)。成人极少有锥体外系反应。当血脑屏障未发育完全(如婴儿)或遭到损伤时，不能排除产生中枢不良反应的可能性。\r\n消化系统：不良反应发生率为2.4%，包括腹部痉挛、腹泻、反流、食欲改变、恶心、胃灼热感、便秘(发生率均小于1%)。\r\n内分泌系统：不良反应发生率为1.3%，包括面部潮红、乳痛、溢乳、男子乳房女性化、女性月经不调。 皮肤与粘膜：不良反应发生率为1.1%，包括皮疹、瘙痒、荨麻疹、口腔炎、结膜炎。\r\n泌尿系统：不良反应发生率为0.8%，包括尿频、排尿困难。 心血管系统：不良反应发生率为0.5%，包括浮肿、心悸。\r\n肌肉、骨骼：不良反应发生率为0.1%，包括小腿痉挛、四肢乏力。\r\n对实验室参数的影响：升高血清催乳素水平，升高AST、ALT和胆固醇的水平(发生率均小于1.0%)。 其他：不良反应发生率为0.1%，包括药物耐受不良。', '1、本品升高催乳素水平，长期用药会维持高水平，但停药后即可恢复正常。组织培养试验表明近三分之一的乳腺癌患者为体外泌乳素依赖，所以对于具有乳腺癌病史的患者应注意这一潜在因素。无论是临床研究还是流行病学研究都不能证明长期给予本品和乳腺肿瘤的发生有关。\r\n2、肾功能不全患者单次用药不需调整剂量，但重复用药时应根据肾功能损害程度将服药频率减为每日1～2次，同时剂量酌减。\r\n3、由于多潘立酮主要在肝脏代谢，故肝功能损害的患者慎用。\r\n4、心脏病患者(心律失常)以及接受化疗的肿瘤患者应用时需慎重，本品有可能加重心律紊乱。\r\n5、抗酸剂或抑制胃酸分泌药物不宜与本品同时服用，应于饭后服用。\r\n6、正在使用洋地黄和氨茶碱的患者慎用本品。');
INSERT INTO `dwms_drug` VALUES ('10022', '痔炎消颗粒', '20170416', '10g*9袋/盒', '非处方药', '消炎止痛类', '12.00', '广西济民制药厂', '清热解毒，润肠通便，止血，止痛，消肿。用于痔疮发炎肿痛。', '孕妇及三岁以下儿童禁用；失血过多，身体虚弱者禁用。', 'E区5架', '尚不明确。', '1.忌烟酒，忌食辛辣、油腻及刺激性食物。\r\n2.用药期间不宜同时服用温热性药物。\r\n3.儿童应在医师指导下服用。\r\n4.有高血压、心脏病、肝病、糖尿病、肾病等慢性病严重者均应在医师指导下服用。\r\n5.脾虚大便溏者慎用。\r\n6.内痔出血过多或原因不明的便血应去医院就诊。\r\n7.服药3天症状无缓解，应去医院就诊。\r\n8.对本品过敏者禁用，过敏体质者慎用。\r\n9．本品性状发生改变时禁止使用。\r\n10．儿童必须在成人监护下使用。\r\n11．请将本品放在儿童不能接触的地方。\r\n12．如正在使用其他药品，使用本品前请咨询医师或药师。');
INSERT INTO `dwms_drug` VALUES ('10023', '补中益气丸', '20170416', '6g*10袋/盒', '非处方药', '益气补血类', '12.00', '北京同仁堂股份有限公司制药厂', '补中益气，升阳举陷。补中益气丸用于脾胃虚弱、中气下馅，所致的体倦乏力，食少腹胀、便溏久泻、肛门下坠。', '尚不明确。', 'F区5架', '尚不明确。', '1、补中益气丸不适用于恶寒发热表证者，暴饮暴食脘腹胀满实证者；\r\n2、不宜和感冒类药同时服用；\r\n3、高血压患者慎服补中益气丸；\r\n4、服本药时不宜同时服用藜芦或其制剂；\r\n5、补中益气丸宜空腹或饭前服为佳，亦可在进食同时服；\r\n6、按照用法用量服用，小儿应在医师指导下服用；\r\n7、服药期间出现头痛、头晕、复视等症，或皮疹，面红者，以及血压有上升趋势，应立即停药；\r\n8、药品性状发生改变时禁止服用；\r\n9、儿童必须在成人的监护下使用；\r\n10、请将此药品放在儿童不能接触的地方；\r\n11、如正在服用其他药品，使用本品前请咨询医师或药师。');
INSERT INTO `dwms_drug` VALUES ('10024', '颈复康颗粒', '20170416', '5g*10袋/盒', '非处方药', '风湿骨病类', '24.00', '承德颈复康药业集团有限公司', '活血通络，散风止痛。用于颈椎病引起的脑供血不足，头晕，颈项僵硬，肩背酸痛，手臂麻木等症。', '孕妇禁用。', 'G区5架', '头晕或手臂麻木严重者，应去医院就诊。', '1、忌生冷、油腻食物。\r\n2、有高血压、心脏病、肝病、糖尿病、肾病等慢性病严重者应在医师指导下服用。\r\n3、儿童、经期及哺乳期妇女、年老体弱者应在医师指导下服用。\r\n4、消化道溃疡、肾性高血压患者慎服或遵医嘱。\r\n5、如有感冒、发烧、鼻咽痛等患者，应暂停服用。\r\n6、头晕或手臂麻木严重者，应去医院就诊。\r\n7、服药7夭症状无缓解，应去医院就诊。\r\n8、对颈复康颗粒过敏者禁用，过敏体质者慎用。\r\n9、颈复康颗粒性状发生改变时禁止使用。\r\n10、儿童必须在成人监护下使用。\r\n11、请将颈复康颗粒放在儿童不能接触的地方。\r\n12、如正在使用其他药品，使用颈复康颗粒前请咨询医师或药师。');
INSERT INTO `dwms_drug` VALUES ('10025', '京制牛黄解毒片', '20170416', '0.6g*8片*10瓶/盒', '非处方药', '五官类', '20.00', '北京同仁堂股份有限公司制药厂', '清热解毒，散风止痛。用于肺胃蕴热引起：头目眩晕，口鼻生疮，风火牙痛，暴发火眼，咽喉疼痛，耳鸣肿痛，大便秘结，皮肤刺痒。', '孕妇忌服。', 'H区5架', '尚不明确。', '1、忌烟、酒及辛辣、油腻食物。\r\n2、高血压、心脏病、肝病、糖尿病、肾病等慢性病患者应在医师指导下服用。\r\n3、服药后大便次数每日2到3次者，应减量；每日3次以上者，应停用并向医师咨询。\r\n4、服药三天后症状无改善，或加重者，应立即停药并去医院就诊。\r\n5、小儿、年老体弱及脾胃虚寒者慎用，若需使用，必须在医师指导下使用。\r\n6、对京制牛黄解毒片过敏者禁用，过敏体质者慎用。\r\n7、京制牛黄解毒片性状发生改变时禁止使用。\r\n8、儿童必须在成人监护下使用。\r\n9、请将京制牛黄解毒片放在儿童不能接触的地方。\r\n10、如正在使用其他药品，使用京制牛黄解毒片前请咨询医师或药师。');
INSERT INTO `dwms_drug` VALUES ('10026', '风油精', '20170416', '3ml/盒', '非处方药', '皮肤类', '2.00', '广州白云山制药股份有限公司', '清凉，止痛，驱风，止痒。用于蚊虫叮咬及伤风感冒引起的头痛，头晕，晕车不适。', '对本品过敏者禁用，敏感皮肤者慎用。', 'E区6架', '尚不明确。', '1、孕妇和三岁以下儿童慎用；\r\n2、皮肤有烫伤、损伤及溃疡者禁用；\r\n3、涂药时注意不要将药误入眼内；\r\n4、外搽后皮肤出现皮疹瘙痒者应停用；\r\n5、瓶盖宜拧紧，以防止药物挥发；\r\n6、对本品过敏者禁用，过敏体质者慎用；\r\n7、本品性状发生改变时禁止使用；\r\n8、儿童必须在成人监护下使用；\r\n9、请将本品放在儿童不能接触的地方；\r\n10、如正在使用其他药品，使用本品前请咨询医师或药师。');
INSERT INTO `dwms_drug` VALUES ('10027', '同仁乌鸡白凤丸', '20170416', '9g*10丸/盒', '非处方药', '妇科类', '19.00', '北京同仁堂股份有限公司制药厂', '补气养血，调经止带。用于气血两虚引起：月经不调，行经腹痛，少腹冷痛，体弱乏力，腰酸腿软。', '孕妇忌服。', 'F区6架', '尚不明确', '1、忌食寒凉、生冷食物；\r\n2、服药期间不宜喝茶和吃萝卜，不宜同时服用藜芦、五灵脂、皂荚或其制剂；\r\n3、感冒时不宜服用同仁乌鸡白凤丸；\r\n4、月经过多者不宜服用同仁乌鸡白凤丸，带下量多气臭者应去医院就诊；\r\n5、平素月经正常，突然出现月经量少，或月经错后，或阴道不规则出血应去医院就诊；\r\n6、按照用法用量服用，长期服用应向医师咨询；\r\n7、服药二周症状无改善，应去医院就诊；\r\n8、对同仁乌鸡白凤丸过敏者禁用，过敏体质者慎用；\r\n9、同仁乌鸡白凤丸性状发生改变时禁止使用；\r\n10、请将同仁乌鸡白凤丸放在儿童不能接触的地方；\r\n11、如正在使用其他药品，使用同仁乌鸡白凤丸前请咨询医师或药师。');
INSERT INTO `dwms_drug` VALUES ('10028', '知柏地黄丸', '20170416', '360粒/瓶', '非处方药', '滋阴补肾类', '13.00', '北京同仁堂股份有限公司制药厂', '滋阴降火。用于阴虚火旺，潮热盗汗，口干咽痛，耳鸣遗精，小便短赤。', '尚不明确。', 'G区6架', '尚不明确。', '1、忌不易消化食物；\r\n2、感冒发热病人不宜服用；\r\n3、有高血压、心脏病、肝病、糖尿病、肾病等慢性病严重者应在医师指导下服用；\r\n4、儿童、孕妇、哺乳期妇女应在医师指导下服用；\r\n5、服药4周症状无缓解，应去医院就诊；\r\n6、对本品过敏者禁用，过敏体质者慎用；\r\n7、本品性状发生改变时禁止使用；\r\n8、儿童必须在成人监护下使用；\r\n9、请将本品放在儿童不能接触的地方；\r\n10、如正在使用其他药品，使用本品前请咨询医师或药师。');
INSERT INTO `dwms_drug` VALUES ('10029', '三七片', '20170416', '0.6g*60片/瓶', '非处方药', '跌打损伤类', '17.00', '北京同仁堂股份有限公司制药厂', '散瘀止血，消肿定痛。用于外伤出血，跌扑肿痛。', '孕妇忌服，肝肾功能异常者禁用。', 'H区6架', '尚不明确。', '1、忌生冷、油腻食物。\r\n2、儿童、经期及哺乳期妇女、年老体虚患者应在医师指导下服用。\r\n3、有高血压、心脏病、肝病、糖尿病、肾病等慢性病严重者应在医师指导下服用。\r\n4、如出血较多或不止者，应及时去医院就诊。\r\n5、服药3天症状无缓解，应去医院就诊。\r\n6、对三七片过敏者禁用，过敏体质者慎用。\r\n7、药品性状发生改变时禁止服用。\r\n8、儿童必须在成人的监护下使用。\r\n9、请将此药品放在儿童不能接触的地方。\r\n10、如正在服用其他药品，使用三七片前请咨询医师或药师。');
INSERT INTO `dwms_drug` VALUES ('10030', '羚羊角粉', '20170419', '0.3g*20瓶', '其它', '中药饮片', '350.00', '北京同仁堂股份有限公司制药厂', '平肝息风、清肝明目、散血解毒。', '尚不明确', 'X区6架', '尚不明确', '置通风干燥处。');
INSERT INTO `dwms_drug` VALUES ('10031', '家庭保健药箱', '20170419', '330×190×140mm', '其它', '医疗器械', '60.00', '江苏鱼跃医疗设备股份有限公司', '家庭保健药箱专为家庭使用和医生出诊设计，具备实用、美观、整洁、方便的特点。', '无', 'Y区7架', '无', '本家庭保健药箱箱体采用ABS塑料制成，应避免接触腐蚀性化学物品，应放置在通风良好、干燥的室内。');

-- ----------------------------
-- Table structure for dwms_inventory
-- ----------------------------
DROP TABLE IF EXISTS `dwms_inventory`;
CREATE TABLE `dwms_inventory` (
  `id` int(20) NOT NULL AUTO_INCREMENT,
  `name` varchar(20) NOT NULL,
  `batch` varchar(20) NOT NULL,
  `number` int(20) NOT NULL,
  `product_date` date NOT NULL,
  `expiry_date` date NOT NULL,
  `note` varchar(255) DEFAULT NULL,
  PRIMARY KEY (`id`)
) ENGINE=InnoDB AUTO_INCREMENT=10033 DEFAULT CHARSET=utf8;

-- ----------------------------
-- Records of dwms_inventory
-- ----------------------------
INSERT INTO `dwms_inventory` VALUES ('10002', '氟康唑胶囊', '20170417', '3000', '2017-04-16', '2018-04-16', null);
INSERT INTO `dwms_inventory` VALUES ('10003', '利福平胶囊', '20170418', '2500', '2017-04-16', '2018-04-16', null);
INSERT INTO `dwms_inventory` VALUES ('10004', '复方磺胺甲恶唑片', '20170419', '2650', '2017-04-16', '2018-04-16', null);
INSERT INTO `dwms_inventory` VALUES ('10005', '氧氟沙星滴眼液', '20170416', '1170', '2017-04-16', '2018-04-16', null);
INSERT INTO `dwms_inventory` VALUES ('10006', '百令胶囊', '20170415', '4500', '2017-04-16', '2018-04-16', null);
INSERT INTO `dwms_inventory` VALUES ('10007', '枸橼酸托瑞米芬片', '20170414', '1475', '2017-04-16', '2018-04-16', null);
INSERT INTO `dwms_inventory` VALUES ('10008', '海麒舒肝胶囊', '20170413', '1500', '2017-04-16', '2018-04-16', null);
INSERT INTO `dwms_inventory` VALUES ('10009', '同仁大活络丸', '20170412', '1200', '2017-04-16', '2018-04-16', null);
INSERT INTO `dwms_inventory` VALUES ('10010', '复方芦丁片', '20170411', '1009', '2017-04-16', '2018-04-16', null);
INSERT INTO `dwms_inventory` VALUES ('10011', '盐酸二甲双胍肠溶片', '20170415', '1358', '2017-04-16', '2018-04-16', null);
INSERT INTO `dwms_inventory` VALUES ('10012', '妇炎康软胶囊', '20170418', '1059', '2017-04-16', '2018-04-16', null);
INSERT INTO `dwms_inventory` VALUES ('10013', '脑栓通胶囊', '20170419', '1077', '2017-04-16', '2018-04-16', null);
INSERT INTO `dwms_inventory` VALUES ('10014', '舒肝解郁胶囊', '20170422', '1800', '2017-04-16', '2018-04-16', null);
INSERT INTO `dwms_inventory` VALUES ('10015', '盐酸伐昔洛韦片', '20170423', '2580', '2017-04-16', '2018-04-16', null);
INSERT INTO `dwms_inventory` VALUES ('10016', '奥美拉唑肠溶胶囊', '20170418', '1256', '2017-04-16', '2018-04-16', null);
INSERT INTO `dwms_inventory` VALUES ('10017', '生精片', '20170417', '1752', '2017-04-16', '2018-04-16', null);
INSERT INTO `dwms_inventory` VALUES ('10018', '小柴胡颗粒', '20170419', '1600', '2017-04-16', '2018-04-16', null);
INSERT INTO `dwms_inventory` VALUES ('10019', '蓝芩口服液', '20170416', '1786', '2017-04-16', '2018-04-16', null);
INSERT INTO `dwms_inventory` VALUES ('10020', '京都念慈菴蜜炼川贝枇杷膏', '20170416', '1862', '2017-04-16', '2018-04-16', null);
INSERT INTO `dwms_inventory` VALUES ('10021', '多潘立酮片', '20170416', '1045', '2017-04-16', '2018-04-16', null);
INSERT INTO `dwms_inventory` VALUES ('10022', '痔炎消颗粒', '20170416', '3586', '2017-04-16', '2018-04-16', null);
INSERT INTO `dwms_inventory` VALUES ('10023', '补中益气丸', '20170416', '7860', '2017-04-16', '2018-04-16', null);
INSERT INTO `dwms_inventory` VALUES ('10024', '颈复康颗粒', '20170416', '7524', '2017-04-16', '2018-04-16', null);
INSERT INTO `dwms_inventory` VALUES ('10025', '京制牛黄解毒片', '20170416', '9362', '2017-04-16', '2018-04-16', null);
INSERT INTO `dwms_inventory` VALUES ('10026', '风油精', '20170416', '5860', '2017-04-16', '2018-04-16', null);
INSERT INTO `dwms_inventory` VALUES ('10027', '同仁乌鸡白凤丸', '20170416', '5760', '2017-04-16', '2018-04-16', null);
INSERT INTO `dwms_inventory` VALUES ('10028', '知柏地黄丸', '20170416', '7562', '2017-04-16', '2018-04-16', null);
INSERT INTO `dwms_inventory` VALUES ('10029', '三七片', '20170416', '8462', '2017-04-16', '2018-04-16', null);
INSERT INTO `dwms_inventory` VALUES ('10030', '羚羊角粉', '20170419', '8623', '2017-04-19', '2018-04-19', '');
INSERT INTO `dwms_inventory` VALUES ('10031', '家庭保健药箱', '20170419', '7560', '2017-04-19', '2018-04-19', '');
INSERT INTO `dwms_inventory` VALUES ('10032', '阿莫西林胶囊', '20170422', '3945', '2017-04-18', '2018-04-18', '');

-- ----------------------------
-- Table structure for dwms_log
-- ----------------------------
DROP TABLE IF EXISTS `dwms_log`;
CREATE TABLE `dwms_log` (
  `id` int(11) NOT NULL AUTO_INCREMENT,
  `operation_user` varchar(20) DEFAULT NULL,
  `operation_genre` varchar(20) DEFAULT NULL,
  `operation_time` datetime DEFAULT NULL,
  PRIMARY KEY (`id`)
) ENGINE=InnoDB AUTO_INCREMENT=84 DEFAULT CHARSET=utf8;

-- ----------------------------
-- Records of dwms_log
-- ----------------------------
INSERT INTO `dwms_log` VALUES ('1', '麻麻', '登录', '2017-05-14 16:32:11');
INSERT INTO `dwms_log` VALUES ('2', '麻麻', '退出登录', '2017-05-14 16:33:10');
INSERT INTO `dwms_log` VALUES ('3', '麻麻', '登录', '2017-05-18 08:55:36');
INSERT INTO `dwms_log` VALUES ('4', '麻麻', '退出登录', '2017-05-18 09:08:52');
INSERT INTO `dwms_log` VALUES ('5', '麻麻', '登录', '2017-05-18 09:09:09');
INSERT INTO `dwms_log` VALUES ('6', '麻麻', '退出登录', '2017-05-18 09:09:14');
INSERT INTO `dwms_log` VALUES ('7', '麻麻', '登录', '2017-05-18 09:10:27');
INSERT INTO `dwms_log` VALUES ('8', '麻麻', '退出登录', '2017-05-18 09:11:09');
INSERT INTO `dwms_log` VALUES ('9', '张三', '登录', '2017-05-18 09:11:21');
INSERT INTO `dwms_log` VALUES ('10', '张三', '退出登录', '2017-05-18 09:11:51');
INSERT INTO `dwms_log` VALUES ('11', '李四', '登录', '2017-05-18 14:46:25');
INSERT INTO `dwms_log` VALUES ('12', '麻麻', '登录', '2017-05-18 15:08:58');
INSERT INTO `dwms_log` VALUES ('13', '麻麻', '登录', '2017-05-18 16:13:31');
INSERT INTO `dwms_log` VALUES ('14', '麻麻', '登录', '2017-05-18 17:15:59');
INSERT INTO `dwms_log` VALUES ('15', '麻麻', '退出登录', '2017-05-18 17:33:59');
INSERT INTO `dwms_log` VALUES ('16', '李四', '登录', '2017-05-18 17:34:09');
INSERT INTO `dwms_log` VALUES ('17', '李四', '登录', '2017-05-18 17:46:58');
INSERT INTO `dwms_log` VALUES ('18', '李四', '退出登录', '2017-05-18 17:55:37');
INSERT INTO `dwms_log` VALUES ('19', '张三', '登录', '2017-05-18 17:55:53');
INSERT INTO `dwms_log` VALUES ('20', '麻麻', '登录', '2017-05-18 21:27:13');
INSERT INTO `dwms_log` VALUES ('21', '麻麻', '退出登录', '2017-05-18 21:28:03');
INSERT INTO `dwms_log` VALUES ('22', '麻麻', '登录', '2017-05-18 21:30:55');
INSERT INTO `dwms_log` VALUES ('23', '麻麻', '登录', '2017-05-19 09:59:27');
INSERT INTO `dwms_log` VALUES ('24', '麻麻', '退出登录', '2017-05-19 10:29:47');
INSERT INTO `dwms_log` VALUES ('25', '张三', '登录', '2017-05-19 10:29:57');
INSERT INTO `dwms_log` VALUES ('26', '麻麻', '登录', '2017-05-19 10:42:16');
INSERT INTO `dwms_log` VALUES ('27', '麻麻', '登录', '2017-05-19 11:52:55');
INSERT INTO `dwms_log` VALUES ('28', '麻麻', '登录', '2017-05-19 15:30:23');
INSERT INTO `dwms_log` VALUES ('29', '麻麻', '退出登录', '2017-05-19 16:15:25');
INSERT INTO `dwms_log` VALUES ('30', '张三', '登录', '2017-05-19 16:15:37');
INSERT INTO `dwms_log` VALUES ('31', '陆垚', '登录', '2017-05-20 22:21:16');
INSERT INTO `dwms_log` VALUES ('32', '麻麻', '登录', '2017-05-21 22:31:39');
INSERT INTO `dwms_log` VALUES ('33', '麻麻', '登录', '2017-05-22 09:24:35');
INSERT INTO `dwms_log` VALUES ('34', '麻麻', '退出登录', '2017-05-22 09:30:29');
INSERT INTO `dwms_log` VALUES ('35', '张三', '登录', '2017-05-22 09:30:50');
INSERT INTO `dwms_log` VALUES ('36', '麻麻', '登录', '2017-05-22 18:57:29');
INSERT INTO `dwms_log` VALUES ('37', '麻麻', '退出登录', '2017-05-22 18:58:23');
INSERT INTO `dwms_log` VALUES ('38', '张三', '登录', '2017-05-22 18:58:33');
INSERT INTO `dwms_log` VALUES ('39', '麻麻', '登录', '2017-05-22 21:25:06');
INSERT INTO `dwms_log` VALUES ('40', '麻麻', '登录', '2017-05-23 15:03:59');
INSERT INTO `dwms_log` VALUES ('41', '麻麻', '退出登录', '2017-05-23 15:04:40');
INSERT INTO `dwms_log` VALUES ('42', '王五', '登录', '2017-05-23 15:04:48');
INSERT INTO `dwms_log` VALUES ('43', '王五', '退出登录', '2017-05-23 15:05:40');
INSERT INTO `dwms_log` VALUES ('44', '麻麻', '登录', '2017-05-23 15:05:54');
INSERT INTO `dwms_log` VALUES ('45', '麻麻', '退出登录', '2017-05-23 15:06:01');
INSERT INTO `dwms_log` VALUES ('46', '麻麻', '登录', '2017-05-23 15:06:33');
INSERT INTO `dwms_log` VALUES ('47', '麻麻', '退出登录', '2017-05-23 15:47:12');
INSERT INTO `dwms_log` VALUES ('48', '张三', '登录', '2017-05-23 15:47:21');
INSERT INTO `dwms_log` VALUES ('49', '张三', '退出登录', '2017-05-23 15:49:48');
INSERT INTO `dwms_log` VALUES ('50', '麻麻', '登录', '2017-05-23 15:51:54');
INSERT INTO `dwms_log` VALUES ('51', '张三', '登录', '2017-05-23 15:52:40');
INSERT INTO `dwms_log` VALUES ('52', '张三', '登录', '2017-05-23 16:06:55');
INSERT INTO `dwms_log` VALUES ('53', '麻麻', '登录', '2017-05-23 23:59:17');
INSERT INTO `dwms_log` VALUES ('54', '麻麻', '退出登录', '2017-05-24 00:03:19');
INSERT INTO `dwms_log` VALUES ('55', '张三', '登录', '2017-05-24 00:03:34');
INSERT INTO `dwms_log` VALUES ('56', '张三', '登录', '2017-05-24 00:10:03');
INSERT INTO `dwms_log` VALUES ('57', '张三', '登录', '2017-05-24 00:16:38');
INSERT INTO `dwms_log` VALUES ('58', '张三', '登录', '2017-05-24 00:25:59');
INSERT INTO `dwms_log` VALUES ('59', '麻麻', '登录', '2017-05-25 22:33:57');
INSERT INTO `dwms_log` VALUES ('60', '麻麻', '退出登录', '2017-05-26 00:28:04');
INSERT INTO `dwms_log` VALUES ('61', '张三', '登录', '2017-05-26 00:28:14');
INSERT INTO `dwms_log` VALUES ('62', '麻麻', '登录', '2017-05-27 10:32:50');
INSERT INTO `dwms_log` VALUES ('63', '麻麻', '登录', '2017-05-28 15:03:37');
INSERT INTO `dwms_log` VALUES ('64', '张三', '登录', '2017-05-29 13:54:50');
INSERT INTO `dwms_log` VALUES ('65', '张三', '退出登录', '2017-05-29 14:02:45');
INSERT INTO `dwms_log` VALUES ('66', '麻麻', '登录', '2017-05-29 14:03:42');
INSERT INTO `dwms_log` VALUES ('67', '麻麻', '退出登录', '2017-05-29 14:14:31');
INSERT INTO `dwms_log` VALUES ('68', '麻麻', '登录', '2017-05-31 09:43:41');
INSERT INTO `dwms_log` VALUES ('69', '麻麻', '登录', '2017-05-31 21:55:17');
INSERT INTO `dwms_log` VALUES ('70', '麻麻', '退出登录', '2017-05-31 22:18:51');
INSERT INTO `dwms_log` VALUES ('71', '麻麻', '登录', '2017-05-31 22:54:34');
INSERT INTO `dwms_log` VALUES ('72', '麻麻', '登录', '2017-05-31 23:02:25');
INSERT INTO `dwms_log` VALUES ('73', '麻麻', '登录', '2017-05-31 23:06:21');
INSERT INTO `dwms_log` VALUES ('74', '麻麻', '退出登录', '2017-05-31 23:07:08');
INSERT INTO `dwms_log` VALUES ('75', '麻麻', '登录', '2017-06-01 16:08:06');
INSERT INTO `dwms_log` VALUES ('76', '麻麻', '退出登录', '2017-06-01 16:28:11');
INSERT INTO `dwms_log` VALUES ('77', '麻麻', '登录', '2017-06-01 16:50:41');
INSERT INTO `dwms_log` VALUES ('78', '张三', '登录', '2017-06-01 17:03:06');
INSERT INTO `dwms_log` VALUES ('79', '麻麻', '登录', '2017-06-01 17:30:32');
INSERT INTO `dwms_log` VALUES ('80', '麻麻', '退出登录', '2017-06-01 17:32:18');
INSERT INTO `dwms_log` VALUES ('81', '系统管理员', '登录', '2017-06-01 17:32:25');
INSERT INTO `dwms_log` VALUES ('82', '系统管理员', '退出登录', '2017-06-01 17:41:53');
INSERT INTO `dwms_log` VALUES ('83', '系统管理员', '登录', '2017-06-01 18:01:57');

-- ----------------------------
-- Table structure for dwms_order
-- ----------------------------
DROP TABLE IF EXISTS `dwms_order`;
CREATE TABLE `dwms_order` (
  `id` int(20) NOT NULL AUTO_INCREMENT,
  `name` varchar(20) NOT NULL,
  `batch` varchar(20) NOT NULL,
  `size` varchar(20) NOT NULL,
  `bigclass` varchar(20) NOT NULL,
  `smallclass` varchar(20) NOT NULL,
  `num` int(20) NOT NULL,
  `price` double(20,2) NOT NULL,
  `totalprice` double(20,2) NOT NULL,
  `seller` varchar(20) NOT NULL,
  `datetime` datetime NOT NULL,
  `address` varchar(255) NOT NULL,
  `note` varchar(255) DEFAULT NULL,
  `status` varchar(20) NOT NULL,
  PRIMARY KEY (`id`)
) ENGINE=InnoDB AUTO_INCREMENT=25 DEFAULT CHARSET=utf8;

-- ----------------------------
-- Records of dwms_order
-- ----------------------------
INSERT INTO `dwms_order` VALUES ('2', '氟康唑胶囊', '20170416', '0.15g*1粒/盒', '处方药', '抗真菌', '520', '43.00', '43.00', 'zsw', '2017-04-25 19:29:20', 'hahahaha', '', '1');
INSERT INTO `dwms_order` VALUES ('7', '小柴胡颗粒', '20170416', '10g*10袋/盒', '非处方药', '解热镇痛类', '22', '13.00', '13.00', '麻麻', '2017-04-25 20:41:30', 'adad', '', '0');
INSERT INTO `dwms_order` VALUES ('8', '羚羊角粉', '20170419', '0.3g*20瓶', '其它', '中药饮片', '122', '350.00', '350.00', '麻麻', '2017-04-25 20:41:54', 'sada', '', '0');
INSERT INTO `dwms_order` VALUES ('9', '羚羊角粉', '20170419', '0.3g*20瓶', '其它', '中药饮片', '30', '350.00', '350.00', 'zsw', '2017-05-01 15:29:08', '哈哈', '', '0');
INSERT INTO `dwms_order` VALUES ('10', '氧氟沙星滴眼液', '20170416', '10ml*1瓶/盒', '处方药', '奎诺酮类', '200', '15.00', '3000.00', 'zsw', '2017-04-26 18:24:50', '哈哈镇', '', '0');
INSERT INTO `dwms_order` VALUES ('11', '小柴胡颗粒', '20170416', '10g*10袋/盒', '非处方药', '解热镇痛类', '200', '13.00', '2600.00', 'zsw', '2017-04-26 18:25:20', '哈哈镇', '', '0');
INSERT INTO `dwms_order` VALUES ('12', '家庭保健药箱', '20170419', '330×190×140mm', '其它', '医疗器械', '2', '60.00', '120.00', 'zsw', '2017-04-26 18:26:11', '哈哈镇', '', '0');
INSERT INTO `dwms_order` VALUES ('16', '羚羊角粉', '20170419', '0.3g*20瓶', '其它', '中药饮片', '20', '350.00', '7000.00', 'zsw', '2017-04-26 18:30:40', '哈哈镇', '', '0');
INSERT INTO `dwms_order` VALUES ('17', '枸橼酸托瑞米芬片', '20170416', '40mg*14片/瓶', '处方药', '肿瘤类', '25', '55.00', '1375.00', 'zsw', '2017-04-26 19:28:22', '哈哈真', '', '1');
INSERT INTO `dwms_order` VALUES ('18', '阿莫西林胶囊', '20170422', '0.25g*50粒/盒', '处方药', '抗生素', '25', '16.25', '406.25', 'zsw', '2017-04-28 17:21:10', 'huahua', '', '0');
INSERT INTO `dwms_order` VALUES ('20', '阿莫西林胶囊', '20170422', '0.25g*50粒/盒', '处方药', '抗生素', '10', '16.25', '162.50', '张三', '2017-05-18 17:56:04', '郑州市金水区97号郑州大学北校区', '', '1');
INSERT INTO `dwms_order` VALUES ('23', '氧氟沙星滴眼液', '20170416', '10ml*1瓶/盒', '处方药', '奎诺酮类', '30', '15.00', '450.00', '张三', '2017-05-23 15:48:59', '多大的', '', '0');
INSERT INTO `dwms_order` VALUES ('24', '阿莫西林胶囊', '20170422', '0.25g*50粒/盒', '处方药', '抗生素', '20', '16.25', '325.00', '张三', '2017-05-24 00:07:53', '郑州市金水区文化路', '', '0');

-- ----------------------------
-- Table structure for dwms_record
-- ----------------------------
DROP TABLE IF EXISTS `dwms_record`;
CREATE TABLE `dwms_record` (
  `id` int(11) NOT NULL AUTO_INCREMENT,
  `drug_name` varchar(20) NOT NULL,
  `batch` varchar(20) NOT NULL,
  `number` int(20) NOT NULL,
  `date` datetime NOT NULL,
  `registrar` varchar(20) NOT NULL,
  PRIMARY KEY (`id`)
) ENGINE=InnoDB AUTO_INCREMENT=9 DEFAULT CHARSET=utf8;

-- ----------------------------
-- Records of dwms_record
-- ----------------------------
INSERT INTO `dwms_record` VALUES ('1', '百令胶囊', '20170416', '500', '2017-04-24 00:00:00', '麻麻');
INSERT INTO `dwms_record` VALUES ('2', '氟康唑胶囊', '20170416', '500', '2017-04-24 00:00:00', '麻麻');
INSERT INTO `dwms_record` VALUES ('4', '氟康唑胶囊', '20170416', '500', '2017-04-24 00:00:00', '麻麻');
INSERT INTO `dwms_record` VALUES ('5', '复方磺胺甲恶唑片', '20170416', '550', '2017-04-24 00:00:00', '麻麻');
INSERT INTO `dwms_record` VALUES ('6', '复方磺胺甲恶唑片', '20170416', '100', '2017-04-28 17:17:44', '麻麻');
INSERT INTO `dwms_record` VALUES ('7', '氟康唑胶囊', '20170416', '1000', '2017-05-01 12:27:45', '麻麻');
INSERT INTO `dwms_record` VALUES ('8', '百令胶囊', '20170416', '500', '2017-05-01 12:27:53', '麻麻');

-- ----------------------------
-- Table structure for dwms_supplier
-- ----------------------------
DROP TABLE IF EXISTS `dwms_supplier`;
CREATE TABLE `dwms_supplier` (
  `id` int(11) NOT NULL AUTO_INCREMENT,
  `supplier_name` varchar(20) NOT NULL,
  `supplier_phone` varchar(20) NOT NULL,
  `contact` varchar(8) NOT NULL,
  `address` varchar(50) NOT NULL,
  `note` varchar(255) DEFAULT NULL,
  PRIMARY KEY (`id`),
  UNIQUE KEY `supplier_name` (`supplier_name`)
) ENGINE=InnoDB AUTO_INCREMENT=20160459 DEFAULT CHARSET=utf8;

-- ----------------------------
-- Records of dwms_supplier
-- ----------------------------
INSERT INTO `dwms_supplier` VALUES ('20000003', '杭州中美华东制药有限公司', '12345678913', '李邦良', '杭州市莫干山路866号祥符桥', '44');
INSERT INTO `dwms_supplier` VALUES ('20000168', '宁波市天衡制药有限公司', '12345678914', '汪伟', '宁波市镇海区庄市工三路6号', '');
INSERT INTO `dwms_supplier` VALUES ('20100066', '青岛海大科技制药有限公司', '12345678915', '苏兆楷', '青岛市高科技工业园科苑经一路', '');
INSERT INTO `dwms_supplier` VALUES ('20100224', '江苏鱼跃医疗设备股份有限公司', '12345678929', '李清泉', '江苏省丹阳市云阳工业园', '');
INSERT INTO `dwms_supplier` VALUES ('20100243', '北京同仁堂股份有限公司', '12345678910', '高振坤', '北京市北京经济技术开发区西环南路8号', '');
INSERT INTO `dwms_supplier` VALUES ('20110786', '京都念慈菴总厂有限公司', '12345678925', '张宇', '香港荃灣德士古道256號德士古工業中心A座16樓', '');
INSERT INTO `dwms_supplier` VALUES ('20150129', '承德颈复康药业集团有限公司', '12345678928', '李沈明', '承德市高新技术产业开发区', '');
INSERT INTO `dwms_supplier` VALUES ('20160001', '广州白云山制药股份有限公司', '12345678911', '杨燕忠', '广州市白云区新市街萧岗大马路52号', '');
INSERT INTO `dwms_supplier` VALUES ('20160002', '成都康弘药业集团股份有限公司', '12345678920', '柯尊洪', '成都市金牛区蜀西路36号', '');
INSERT INTO `dwms_supplier` VALUES ('20160022', '广西济民制药厂', '12345678927', '黄金兴', '大化瑶族自治县大化镇育才路', '');
INSERT INTO `dwms_supplier` VALUES ('20160024', '贵州天安药业股份有限公司', '12345678917', '廖昕晰', '贵州省贵阳市乌当区高新路25号', '');
INSERT INTO `dwms_supplier` VALUES ('20160025', '上海朝晖药业有限公司', '12345678916', '钱伟钢', '上海市宝山区抚远路2151号', '');
INSERT INTO `dwms_supplier` VALUES ('20160078', '西安杨森制药有限公司', '12345678926', '罗咏梅', '陕西省西安市万寿北路34号', '');
INSERT INTO `dwms_supplier` VALUES ('20160120', '贵州万胜药业有限责任公司', '12345678923', '张晓勇', '贵州省遵义市红花岗区医药健康产业园', '');
INSERT INTO `dwms_supplier` VALUES ('20160138', '江西闪亮制药有限公司', '12345678912', '卢荣花', '江西省南昌市高新开发区京东北大道３９９号', '');
INSERT INTO `dwms_supplier` VALUES ('20160140', '常州四药制药有限公司', '12345678922', '屠永锐', '江苏省常州市南郊梅龙坝', '');
INSERT INTO `dwms_supplier` VALUES ('20160147', '深圳市佳泰药业股份有限公司', '12345678918', '王达桂', '深圳市宝安区福永街道塘尾社区凤塘大道荔园路佳泰健康产业园第1、2幢', '');
INSERT INTO `dwms_supplier` VALUES ('20160261', '丽珠集团丽珠制药厂', '12345678921', '徐晓', '珠海市金湾区创业北路38号', '');
INSERT INTO `dwms_supplier` VALUES ('20160432', '扬子江药业集团有限公司', '12345678924', '徐镜人', '江苏省泰州市扬子江南路1号', '');
INSERT INTO `dwms_supplier` VALUES ('20160458', '广东华南药业集团有限公司', '12345678919', '陈永红', '东莞市石龙镇西湖工业区信息产业园', '');

-- ----------------------------
-- Table structure for dwms_user
-- ----------------------------
DROP TABLE IF EXISTS `dwms_user`;
CREATE TABLE `dwms_user` (
  `id` int(11) NOT NULL AUTO_INCREMENT,
  `username` varchar(255) NOT NULL,
  `password` varchar(255) NOT NULL,
  `poisition` varchar(255) NOT NULL,
  `name` varchar(255) NOT NULL,
  PRIMARY KEY (`id`)
) ENGINE=InnoDB AUTO_INCREMENT=5 DEFAULT CHARSET=utf8;

-- ----------------------------
-- Records of dwms_user
-- ----------------------------
INSERT INTO `dwms_user` VALUES ('1', 'admin', 'wzNncBURtPYCDsYd7TUgWQ==', '管理员', '系统管理员');
INSERT INTO `dwms_user` VALUES ('2', 'cangku', 'AA4H89rIDwLHW5YOPvh7HA==', '仓库管理员', '陆垚');
INSERT INTO `dwms_user` VALUES ('3', 'jingxiao', 'nVifSNazeufzghVxnoFUZQ==', '经销商', '张三');
INSERT INTO `dwms_user` VALUES ('4', 'maiyao', 'pMLxFrB0XLS5eXcnL8Ju3g==', '经销商', '李四');
